kind,campaign,arm,suffix,eval,set,t,k,cell,ema,n,cold,g50,width,g50_in_range,p_cold_r0,yield,fe_med,fe_p90,fe_step1,viol_fail,valid_wrong,givens_kept,rho,b1,r_med,k50,k90,rescue_1,rescue_any,auc,spurious,t1r,t1r_over_verified,ckpt
full,champ,C0,,full_final_t16,sub50000,16,1,dec,True,50000,0.94762,10.388157924868187,21.93391899667312,False,0.9993092968642078,0.938869530647085,1.0,5.0,0.36672927966906566,32.641466208476515,0.00014,0.9999945385499558,0.94762,,,0,0,,0.0,,,,,runs/pretrainchamp_C0/ckpt_latest.pkl
full,champ,C0,,full_vsel_t16,full,16,1,dec,True,422786,0.950944449437777,9.92238177220537,22.106721221048343,False,0.9998036874049111,0.9426863426597983,1.0,5.0,0.2647955706560941,34.7119093539055,0.0,0.9999998608668939,0.950944449437777,,,0,0,,0.0,,,,,runs/pretrainchamp_C0/ckpt_016000.pkl
full,champ,C0,,full_vsel_t16_alt,sub50000,16,1,dec,False,50000,0.92726,14.031227580891626,18.599963842426444,False,0.9980660312197818,0.9152732630200416,1.0,6.0,0.1568060738088562,33.389331866923285,0.0,1.0,0.92726,,,0,0,,0.0,,,,,runs/pretrainchamp_C0/ckpt_016000.pkl
full,champ,C0,,full_vsel_t64,sub100000,64,1,dec,True,100000,0.98416,-9.932067028367157,37.14295792986025,False,0.9997221836366162,0.9815424873250626,1.0,7.0,0.25474516338806696,32.63636363636363,0.0,1.0,0.98416,,,0,0,,0.0,,,,,runs/pretrainchamp_C0/ckpt_016000.pkl
full,champ,C0,,sub20k_t128,scan20k,128,1,dec,True,20000,0.9895,-40.07728446166783,62.978800279778916,False,0.9996549344375432,0.9877792071102794,1.0,7.0,0.2516422435573522,31.580952380952382,0.0,1.0,0.9895,,,0,0,,0.0,,,,,runs/pretrainchamp_C0/ckpt_016000.pkl
full,champ,C0,,sub5k_t256,sub5000,256,1,dec,True,5000,0.9914,-67.47779985333446,85.70411077650685,False,1.0,0.9899603081951903,1.0,7.0,0.23925761549324187,30.674418604651162,0.0,1.0,0.9914,,,0,0,,0.0,,,,,runs/pretrainchamp_C0/ckpt_016000.pkl
full,champ,C1,,full_final_t16,sub50000,16,1,dec,True,50000,0.81264,19.0076019839659,17.691726274152312,True,0.9972371874568311,0.7813895839666987,1.0,4.0,0.15679759795235282,19.05433390264731,8e-05,0.9999961327731093,0.81264,,,0,0,,0.0,,,,,runs/pretrainchamp_C1/ckpt_latest.pkl
full,champ,C1,,full_vsel_t16,full,16,1,dec,True,422786,0.9433708779382477,9.60257887360191,23.849322995255353,False,0.9996073748098222,0.9338658791845357,1.0,5.0,0.2194010204465394,32.408361874530115,4.967051889135402e-05,0.9999980926845289,0.9433708779382477,,,0,0,,0.0,,,,,runs/pretrainchamp_C1/ckpt_028000.pkl
full,champ,C1,,full_vsel_t16_alt,sub50000,16,1,dec,False,50000,0.91134,13.256797327056862,21.912180709811228,False,0.9955794999309296,0.8970791141460677,1.0,5.0,0.14071586894024185,31.838709677419356,0.00064,0.999975257758146,0.91134,,,0,0,,0.0,,,,,runs/pretrainchamp_C1/ckpt_028000.pkl
full,champ,C1,,full_vsel_t64,sub100000,64,1,dec,True,100000,0.97461,-9.794997826275242,41.91883035649793,False,0.9997916377274622,0.9703745239597206,1.0,6.0,0.21166415284062343,30.320598660890113,3e-05,0.9999988461538463,0.97461,,,0,0,,0.0,,,,,runs/pretrainchamp_C1/ckpt_028000.pkl
full,champ,C1,,sub20k_t128,scan20k,128,1,dec,True,20000,0.9814,-43.70874475771197,76.24350964046859,False,1.0,0.9782481581101625,1.0,6.0,0.21056653759934787,30.21505376344086,5e-05,0.999998076923077,0.9814,,,0,0,,0.0,,,,,runs/pretrainchamp_C1/ckpt_028000.pkl
full,champ,C1,,sub5k_t256,sub5000,256,1,dec,True,5000,0.9842,-98.62618631641215,131.64112944352624,False,0.99860529986053,0.9817884660284847,1.0,6.0,0.2009754115017273,28.265822784810126,0.0004,0.9999849002849003,0.9842,,,0,0,,0.0,,,,,runs/pretrainchamp_C1/ckpt_028000.pkl
full,champ,C2,,full_final_t16,sub50000,16,1,dec,True,50000,0.9517,9.95523132459044,21.93766243789251,False,0.9997237187456831,0.9435700755361194,1.0,5.0,0.312430387727225,33.14368530020704,4e-05,0.9999979901960783,0.9517,,,0,0,,0.0,,,,,runs/pretrainchamp_C2/ckpt_latest.pkl
full,champ,C2,,full_vsel_t16,full,16,1,dec,True,422786,0.9562946739012171,9.782727999386786,21.41304558213105,False,0.9997709686390629,0.9489463831952198,1.0,5.0,0.2657602619784916,34.7073276328607,4.730525608700382e-06,0.9999996271232755,0.9562946739012171,,,0,0,,0.0,,,,,runs/pretrainchamp_C2/ckpt_024000.pkl
full,champ,C2,,full_vsel_t16_alt,sub50000,16,1,dec,False,50000,0.93452,11.957243580754831,21.30269098885967,False,0.9995855781185247,0.9235050630247188,1.0,5.0,0.1307195137610752,35.27794746487477,0.0,1.0,0.93452,,,0,0,,0.0,,,,,runs/pretrainchamp_C2/ckpt_024000.pkl
full,champ,C2,,full_vsel_t64,sub100000,64,1,dec,True,100000,0.98675,-4.642439256974626,30.131426043228963,False,0.9998610918183081,0.9845447536272517,1.0,6.0,0.25816062832531034,32.57811320754717,2e-05,0.999999011764706,0.98675,,,0,0,,0.0,,,,,runs/pretrainchamp_C2/ckpt_024000.pkl
full,champ,C2,,sub20k_t128,scan20k,128,1,dec,True,20000,0.98995,-5.5295976151826665,29.13666456843009,False,0.9996549344375432,0.9883054613495498,1.0,6.0,0.2581443507247841,31.945273631840795,5e-05,0.9999970588235294,0.98995,,,0,0,,0.0,,,,,runs/pretrainchamp_C2/ckpt_024000.pkl
full,champ,C2,,sub5k_t256,sub5000,256,1,dec,True,5000,0.9934,-7.291357812404602,28.203321682172177,False,1.0,0.9922951202428204,1.0,6.400000000000546,0.25468089389973825,32.0,0.0,1.0,0.9934,,,0,0,,0.0,,,,,runs/pretrainchamp_C2/ckpt_024000.pkl
full,champ,C3,,full_final_t16,sub50000,16,1,dec,True,50000,0.84626,17.902359122147292,17.99173513966554,True,0.998756734355574,0.8204438623979795,1.0,4.0,0.3994989719471557,22.311044620788344,0.0001,0.9999959224080267,0.84626,,,0,0,,0.0,,,,,runs/pretrainchamp_C3/ckpt_latest.pkl
full,champ,C3,,full_vsel_t16,full,16,1,dec,True,422786,0.9477537099147086,10.126232894199598,22.313986162160475,False,0.9996073748098222,0.9389894900997902,1.0,5.0,0.30027926338355415,33.553352347322196,0.00014428103106536166,0.9999941070383065,0.9477537099147086,,,0,0,,0.0,,,,,runs/pretrainchamp_C3/ckpt_018000.pkl
full,champ,C3,,full_vsel_t16_alt,sub50000,16,1,dec,False,50000,0.93544,11.076960130362028,22.660887704628752,False,0.9990330156098909,0.9246743527981104,1.0,6.0,0.29744291456426925,31.309479553903344,6e-05,0.9999971568627452,0.93544,,,0,0,,0.0,,,,,runs/pretrainchamp_C3/ckpt_018000.pkl
full,champ,C3,,full_vsel_t64,sub100000,64,1,dec,True,100000,0.98006,-3.8151909018400794,32.440988418048526,False,0.9993749131823865,0.9768112894558538,1.0,6.0,0.29043119808991286,31.134904714142426,0.00017,0.9999931040870562,0.98006,,,0,0,,0.0,,,,,runs/pretrainchamp_C3/ckpt_018000.pkl
full,champ,C3,,sub20k_t128,scan20k,128,1,dec,True,20000,0.98615,-7.6348598348104275,33.56726126215328,False,0.9982746721877157,0.9840954274353877,1.0,7.0,0.28768442934644833,30.20216606498195,0.00015,0.9999936302827608,0.98615,,,0,0,,0.0,,,,,runs/pretrainchamp_C3/ckpt_018000.pkl
full,champ,C3,,sub5k_t256,sub5000,256,1,dec,True,5000,0.9894,-21.991320983825613,45.537780351466246,False,1.0,0.9876254961475601,1.0,7.0,0.2819890842935112,30.943396226415093,0.0002,0.9999916666666666,0.9894,,,0,0,,0.0,,,,,runs/pretrainchamp_C3/ckpt_018000.pkl
full,champ,C4,,full_final_t16,sub50000,16,1,dec,True,50000,0.96408,-2.3268872171591397,36.46485732634902,False,0.9968227655753558,0.9585369846355324,1.0,4.0,0.42179072276159657,34.09521158129176,0.00092,0.9999648839553361,0.96408,,,0,0,,0.0,,,,,runs/pretrainchamp_C4/ckpt_latest.pkl
full,champ,C4,,full_vsel_t16,full,16,1,dec,True,422786,0.9670471586097932,2.7196203559142305,28.854747576706586,False,0.9999018437024555,0.9614941146217846,1.0,4.0,0.3080879727237596,36.364269308067755,2.365262804350191e-06,0.9999998971624868,0.9670471586097932,,,0,0,,0.0,,,,,runs/pretrainchamp_C4/ckpt_020000.pkl
full,champ,C4,,full_vsel_t16_alt,sub50000,16,1,dec,False,50000,0.9392,11.22829121669585,21.863222210745377,False,0.9958557811852465,0.9296087556418231,1.0,5.0,0.12668228279386712,31.345723684210526,0.00024,0.9999904871794871,0.9392,,,0,0,,0.0,,,,,runs/pretrainchamp_C4/ckpt_020000.pkl
full,champ,C4,,full_vsel_t64,sub100000,64,1,dec,True,100000,0.98897,-101.94241194386294,124.20489213536011,False,1.0,0.9871147870376861,1.0,5.0,0.3017786181582859,34.01994560290118,1e-05,0.9999995652173913,0.98897,,,0,0,,0.0,,,,,runs/pretrainchamp_C4/ckpt_020000.pkl
full,champ,C4,,sub20k_t128,scan20k,128,1,dec,True,20000,0.9915,-82.70691550838247,99.5674701226638,False,1.0,0.9900596421471173,1.0,5.0,0.30015128593040846,33.67058823529412,0.0,1.0,0.9915,,,0,0,,0.0,,,,,runs/pretrainchamp_C4/ckpt_020000.pkl
full,champ,C4,,sub5k_t256,sub5000,256,1,dec,True,5000,0.9932,,,False,1.0,0.9920616390380574,1.0,5.0,0.2893677003624648,31.558823529411764,0.0002,0.999991304347826,0.9932,,,0,0,,0.0,,,,,runs/pretrainchamp_C4/ckpt_020000.pkl
full,champ,C5,,full_final_t16,sub50000,16,1,dec,True,50000,0.9603,6.968133505900141,24.68995549444299,False,0.9998618593728416,0.9536025817918197,1.0,6.0,0.21018431740081225,34.52544080604534,0.00014,0.9999944805860804,0.9603,,,0,0,,0.0,,,,,runs/pretrainchamp_C5/ckpt_latest.pkl
full,champ,C5,,full_vsel_t16,full,16,1,dec,True,422786,0.9590596661195026,8.214134215781389,23.17139471421658,False,0.9982004678783516,0.9524441531940309,2.0,6.0,0.1778275956466088,35.04962736148824,0.00020341260117411647,0.9999897093528095,0.9590596661195026,,,0,0,,0.0,,,,,runs/pretrainchamp_C5/ckpt_046000.pkl
full,champ,C5,,full_vsel_t16_alt,sub50000,16,1,dec,False,50000,0.88906,-6.051369577594652,65.76638840296977,False,0.9607680618870009,0.8769205584527958,2.0,7.0,0.028198398277138433,30.359473589327564,0.00024,0.9999799350526807,0.88906,,,0,0,,0.0,,,,,runs/pretrainchamp_C5/ckpt_046000.pkl
full,champ,C5,,full_vsel_t64,sub100000,64,1,dec,True,100000,0.99104,-20.327320819986817,42.32192874078083,False,0.998610918183081,0.9897665942384524,2.0,8.0,0.17275791088149822,32.252232142857146,0.00023,0.9999896998586427,0.99104,,,0,0,,0.0,,,,,runs/pretrainchamp_C5/ckpt_046000.pkl
full,champ,C5,,sub20k_t128,scan20k,128,1,dec,True,20000,0.99425,-11.884981064518747,31.391512259581134,False,0.9975845410628019,0.9936849491287568,2.0,8.0,0.17379934624088508,30.295652173913044,0.00035,0.9999829961472884,0.99425,,,0,0,,0.0,,,,,runs/pretrainchamp_C5/ckpt_046000.pkl
full,champ,C5,,sub5k_t256,sub5000,256,1,dec,True,5000,0.996,-2.271670617007196,21.54461651777018,False,0.99721059972106,0.9957973383142658,2.0,8.0,0.1602409638554217,26.05,0.0008,0.9999604449472096,0.996,,,0,0,,0.0,,,,,runs/pretrainchamp_C5/ckpt_046000.pkl
full,champ,C6,,full_final_t16,sub50000,16,1,dec,True,50000,0.90052,15.331125804665662,18.972995143729506,False,0.9982041718469402,0.8839830686840813,1.0,4.0,0.20268289432772177,27.25251306795336,0.00014,0.9999932984940986,0.90052,,,0,0,,0.0,,,,,runs/pretrainchamp_C6/ckpt_latest.pkl
full,champ,C6,,full_vsel_t16,full,16,1,dec,True,422786,0.9562426381195215,9.390038501050858,21.99548050075586,False,0.9992638277684166,0.9489712685153695,1.0,5.0,0.3070870621292847,34.35621621621622,0.00017975997313061454,0.9999916333922426,0.9562426381195215,,,0,0,,0.0,,,,,runs/pretrainchamp_C6/ckpt_028000.pkl
full,champ,C6,,full_vsel_t16_alt,sub50000,16,1,dec,False,50000,0.9036,14.369693785178569,20.608662311518145,False,0.9950269374222959,0.8881223544818877,1.0,5.0,0.22304116865869855,27.046680497925312,0.0001,0.9999944607843138,0.9036,,,0,0,,0.0,,,,,runs/pretrainchamp_C6/ckpt_028000.pkl
full,champ,C6,,full_vsel_t64,sub100000,64,1,dec,True,100000,0.98497,-12.066125722858217,38.92252177205647,False,0.9996527295457702,0.9825004088689516,1.0,6.0,0.29923754022965166,32.41184298070526,0.0002,0.999990997115128,0.98497,,,0,0,,0.0,,,,,runs/pretrainchamp_C6/ckpt_028000.pkl
full,champ,C6,,sub20k_t128,scan20k,128,1,dec,True,20000,0.9898,-40.01094409153768,62.510757167200296,False,1.0,0.9880715705765407,1.0,6.0,0.2964235199030107,30.30392156862745,0.00025,0.9999893033596838,0.9898,,,0,0,,0.0,,,,,runs/pretrainchamp_C6/ckpt_028000.pkl
full,champ,C6,,sub20k_t16_commit,scan20k,16,1,dec,True,20000,0.9561,8.286069798062673,23.646175936026335,False,1.0,0.9486609753245234,1.0,5.0,0.3068716661437088,33.91116173120729,0.00025,0.9999893033596838,0.9561,,,0,0,,0.0,,,,,runs/pretrainchamp_C6/ckpt_028000.pkl
full,champ,C6,,sub5k_t256,sub5000,256,1,dec,True,5000,0.9934,,,False,1.0,0.9922951202428204,1.0,6.0,0.29071874370847595,30.0,0.0002,0.9999916666666666,0.9934,,,0,0,,0.0,,,,,runs/pretrainchamp_C6/ckpt_028000.pkl
scan,champ,C0,,,sub5000,64,32,dec,True,5000,0.9848,-2.8174225724885034,29.208460676537563,False,1.0,0.9822554284380107,1.0,7.0,0.24228269699431357,32.03947368421053,0.0002,0.999991304347826,0.9958,0.9866,1.0,0,0,0.39473684210526316,0.7236842105263158,0.9993993692180115,0.00043687199650502403,0.9958,1.0,runs/pretrainchamp_C0/ckpt_016000.pkl
scan,champ,C1,,,sub5000,64,32,dec,True,5000,0.9756,-8.591510969754541,40.01521628637316,False,0.99860529986053,0.971748774223675,1.0,6.0,0.2045920459204592,30.131147540983605,0.0004,0.9999849002849003,0.993,0.9762,1.0,0,0,0.26229508196721313,0.7131147540983607,0.9991651231290477,0.0005062009617818274,0.9928,0.9997985901309164,runs/pretrainchamp_C1/ckpt_028000.pkl
scan,champ,C2,,,sub5000,64,32,dec,True,5000,0.9872,-14.102514695385818,39.53006837067238,False,1.0,0.985057202895167,1.0,6.0,0.25506482982171796,32.515625,0.0,1.0,0.997,0.9876,1.0,0,0,0.328125,0.765625,0.9997462087052693,0.0,0.997,1.0,runs/pretrainchamp_C2/ckpt_024000.pkl
scan,champ,C3,,,sub5000,64,32,dec,True,5000,0.9812,0.41133141140825913,27.195331442555464,False,1.0,0.9780527667522765,1.0,7.0,0.2827150428047289,31.372340425531913,0.0002,0.9999916666666666,0.995,0.983,1.0,0,0,0.3723404255319149,0.7340425531914894,0.9990059489989672,0.0007189072609633358,0.9948,0.9997989949748743,runs/pretrainchamp_C3/ckpt_018000.pkl
scan,champ,C4,,,sub5000,64,32,dec,True,5000,0.9878,,,False,1.0,0.985757646509456,1.0,5.0,0.2905446446649119,32.704918032786885,0.0002,0.999991304347826,0.9964,0.99,1.0,0,0,0.36065573770491804,0.7049180327868853,0.9996729815931288,0.0,0.9964,1.0,runs/pretrainchamp_C4/ckpt_020000.pkl
scan,champ,C5,,,sub5000,64,32,dec,True,5000,0.9922,-23.425759251180384,43.92179547043097,False,0.99721059972106,0.9913611954237684,2.0,8.0,0.16085466639790366,29.358974358974358,0.0008,0.9999604449472096,0.9982,0.9916,1.0,0,0,0.41025641025641024,0.7692307692307693,0.9976842335913545,0.0019710906701708277,0.9982,1.0,runs/pretrainchamp_C5/ckpt_046000.pkl
scan,champ,C6,,,sub5000,64,32,dec,True,5000,0.9874,-23.64032862953373,49.04024455248795,False,1.0,0.9852906840999299,1.0,6.0,0.2941057322260482,32.19047619047619,0.0002,0.9999916666666666,0.9974,0.9866,1.0,0,0,0.31746031746031744,0.7936507936507936,0.9990968856455662,0.0004597701149425287,0.9966,0.9991979145779026,runs/pretrainchamp_C6/ckpt_028000.pkl
screen,champ,C0,s010000,,strat512,16,256,dec,True,512,0.9453125,7.292714535906441,27.300885964001296,False,1.0,0.9357798165137615,1.0,5.0,0.14256198347107438,33.035714285714285,0.0,1.0,0.998046875,0.94140625,1.0,0,0,0.5357142857142857,0.9642857142857143,0.9917235124927498,0.0,0.998046875,1.0,runs/pretrainchamp_C0/ckpt_010000.pkl
screen,champ,C0,s020000,,strat512,16,256,dec,True,512,0.951171875,10.59070764889316,21.19889571294565,False,1.0,0.9426605504587156,1.0,5.400000000000034,0.3059548254620123,34.16,0.0,1.0,0.998046875,0.962890625,1.0,0,0,0.6,0.96,0.9920997386823165,0.0,0.998046875,1.0,runs/pretrainchamp_C0/ckpt_020000.pkl
screen,champ,C0,vb,,strat512,16,256,dec,True,512,0.94921875,13.006054438031144,17.77616320621277,False,1.0,0.9403669724770642,1.0,4.0,0.26954732510288065,35.11538461538461,0.0,1.0,0.99609375,0.947265625,1.0,0,0,0.46153846153846156,0.9230769230769231,0.9927811177844788,0.0,0.99609375,1.0,runs/pretrainchamp_C0/ckpt_016000.pkl
screen,champ,C1,s010000,,strat512,16,256,dec,True,512,0.9453125,7.292714535906445,27.300885964001296,False,1.0,0.9357798165137615,1.0,6.0,0.11776859504132231,33.5,0.0,1.0,0.99609375,0.9375,1.0,0,0,0.4642857142857143,0.9285714285714286,0.9897954404046068,0.0,0.99609375,1.0,runs/pretrainchamp_C1/ckpt_010000.pkl
screen,champ,C1,s020000,,strat512,16,256,dec,True,512,0.955078125,8.5089086445808,23.631534870189643,False,1.0,0.9472477064220184,1.0,5.0,0.1656441717791411,34.30434782608695,0.0,1.0,0.994140625,0.9453125,1.0,0,0,0.4782608695652174,0.8695652173913043,0.9923081132586576,0.0,0.994140625,1.0,runs/pretrainchamp_C1/ckpt_020000.pkl
screen,champ,C1,vb,,strat512,16,256,dec,True,512,0.951171875,11.72070992061294,19.480814487498623,False,1.0,0.9426605504587156,1.0,3.0,0.21765913757700206,33.08,0.0,1.0,0.998046875,0.935546875,1.0,0,0,0.28,0.96,0.9929513866757441,0.00013477088948787063,0.99609375,0.9980430528375733,runs/pretrainchamp_C1/ckpt_028000.pkl
screen,champ,C2,s010000,,strat512,16,256,dec,True,512,0.9296875,14.654987047202725,17.388237450453133,False,1.0,0.9174311926605505,1.0,6.0,0.09033613445378151,34.47222222222222,0.0,1.0,0.99609375,0.9375,1.0,0,0,0.3611111111111111,0.9444444444444444,0.9905740974595248,0.00032772558444395895,0.98828125,0.9921568627450981,runs/pretrainchamp_C2/ckpt_010000.pkl
screen,champ,C2,s020000,,strat512,16,256,dec,True,512,0.94921875,13.38436278859961,17.187338796414952,False,1.0,0.9403669724770642,1.0,5.0,0.10493827160493827,34.88461538461539,0.0,1.0,0.998046875,0.9453125,1.0,0,0,0.5769230769230769,0.9615384615384616,0.9935084011249659,0.0,0.998046875,1.0,runs/pretrainchamp_C2/ckpt_020000.pkl
screen,champ,C2,vb,,strat512,16,256,dec,True,512,0.94140625,13.2159612579667,18.454278735777997,False,1.0,0.9311926605504587,1.0,5.0,0.2883817427385892,35.233333333333334,0.0,1.0,0.998046875,0.9609375,1.0,0,0,0.6333333333333333,0.9666666666666667,0.9920332926205716,0.0,0.998046875,1.0,runs/pretrainchamp_C2/ckpt_024000.pkl
screen,champ,C3,s010000,,strat512,16,256,dec,True,512,0.9296875,4.092652776829404,35.700912044920024,False,1.0,0.9174311926605505,1.0,5.0,0.21218487394957983,33.833333333333336,0.0,1.0,0.998046875,0.931640625,1.0,0,0,0.3888888888888889,0.9722222222222222,0.9910057892844673,0.00011033873993158998,0.998046875,1.0,runs/pretrainchamp_C3/ckpt_010000.pkl
screen,champ,C3,s020000,,strat512,16,256,dec,True,512,0.962890625,13.52148052797312,15.154766528030931,False,1.0,0.9564220183486238,1.0,6.0,0.3813387423935091,35.78947368421053,0.0,1.0,0.99609375,0.958984375,1.0,0,0,0.5789473684210527,0.8947368421052632,0.9918090292990371,0.0,0.99609375,1.0,runs/pretrainchamp_C3/ckpt_020000.pkl
screen,champ,C3,s030000,,strat512,16,256,dec,True,512,0.94921875,10.527531587053582,21.605655674992615,False,1.0,0.9403669724770642,1.0,4.0,0.4403292181069959,31.692307692307693,0.0,1.0,0.99609375,0.935546875,1.0,0,0,0.19230769230769232,0.9230769230769231,0.9925731593131646,0.0,0.99609375,1.0,runs/pretrainchamp_C3/ckpt_030000.pkl
screen,champ,C3,s040000,,strat512,16,256,dec,True,512,0.9375,13.158122822122342,19.043463077152516,False,1.0,0.926605504587156,1.0,4.0,0.4666666666666667,30.40625,0.0,1.0,0.9921875,0.94140625,1.0,0,0,0.375,0.875,0.9937558998573451,0.0,0.9921875,1.0,runs/pretrainchamp_C3/ckpt_040000.pkl
screen,champ,C3,vb,,strat512,16,256,dec,True,512,0.94140625,13.90220650127127,17.329703405671953,False,1.0,0.9311926605504587,1.0,4.0,0.3236514522821577,35.6,0.0,1.0,0.998046875,0.939453125,1.0,0,0,0.4666666666666667,0.9666666666666667,0.9924137344246842,0.0,0.998046875,1.0,runs/pretrainchamp_C3/ckpt_018000.pkl
screen,champ,C4,s010000,,strat512,16,256,dec,True,512,0.951171875,1.9213207376134527,34.22594454012662,False,1.0,0.9426605504587156,1.0,5.0,0.3141683778234086,37.84,0.0,1.0,1.0,0.9609375,1.0,0,0,0.6,1.0,0.9929859001986674,0.0,1.0,1.0,runs/pretrainchamp_C4/ckpt_010000.pkl
screen,champ,C4,s020000,,strat512,16,256,dec,True,512,0.96484375,5.7306593653350255,25.516408256426995,False,1.0,0.9587155963302753,1.0,4.0,0.32186234817813764,36.888888888888886,0.0,1.0,0.998046875,0.96875,1.0,0,0,0.5555555555555556,0.9444444444444444,0.995363743491847,0.0,0.99609375,0.9980430528375733,runs/pretrainchamp_C4/ckpt_020000.pkl
screen,champ,C4,vb,,strat512,16,256,dec,True,512,0.96484375,5.7306593653350255,25.516408256426995,False,1.0,0.9587155963302753,1.0,4.0,0.32186234817813764,36.888888888888886,0.0,1.0,0.998046875,0.96875,1.0,0,0,0.5555555555555556,0.9444444444444444,0.995363743491847,0.0,0.99609375,0.9980430528375733,runs/pretrainchamp_C4/ckpt_020000.pkl
screen,champ,C5,s010000,,strat512,16,256,dec,True,512,0.853515625,12.038850808955745,32.544866374408315,False,1.0,0.8279816513761468,3.0,7.0,0.041189931350114416,29.96,0.0,1.0,0.998046875,0.83984375,1.0,0,2,0.26666666666666666,0.9866666666666667,0.9820638081870355,0.0003123048094940662,0.998046875,1.0,runs/pretrainchamp_C5/ckpt_010000.pkl
screen,champ,C5,s020000,,strat512,16,256,dec,True,512,0.169921875,30.80532134715593,14.504687876454744,True,0.4605263157894737,0.11926605504587157,3.0,9.0,0.0603448275862069,14.312941176470588,0.001953125,0.9999248798076923,0.998046875,0.927734375,1.0,1,1,0.9223529411764706,0.9976470588235294,0.9854609620253615,0.0012607449856733525,0.99609375,0.9980430528375733,runs/pretrainchamp_C5/ckpt_020000.pkl
screen,champ,C5,vb,,strat512,16,256,dec,True,512,0.96875,-3.048930285777928,35.9572874281693,False,1.0,0.963302752293578,2.0,6.0,0.17137096774193547,37.25,0.0,1.0,1.0,0.947265625,1.0,0,0,0.4375,1.0,0.9893983286705271,0.0005343783398646241,0.998046875,0.998046875,runs/pretrainchamp_C5/ckpt_046000.pkl
screen,champ,C6,s010000,,strat512,16,256,dec,True,512,0.94140625,13.2159612579667,18.454278735777997,False,1.0,0.9311926605504587,1.0,5.0,0.13485477178423236,34.166666666666664,0.0,1.0,0.998046875,0.947265625,1.0,0,0,0.5333333333333333,0.9666666666666667,0.9890101595228022,0.00012454851164528583,0.998046875,1.0,runs/pretrainchamp_C6/ckpt_010000.pkl
screen,champ,C6,s020000,,strat512,16,256,dec,True,512,0.955078125,-56.55666377920839,117.53069328358286,False,1.0,0.9472477064220184,1.0,5.0,0.28016359918200406,33.608695652173914,0.0,1.0,0.99609375,0.958984375,1.0,0,0,0.5652173913043478,0.9130434782608695,0.9895435013128199,0.00016719612104999163,0.99609375,1.0,runs/pretrainchamp_C6/ckpt_020000.pkl
screen,champ,C6,s030000,,strat512,16,256,dec,True,512,0.94921875,11.659130697509246,19.862544572479603,False,1.0,0.9403669724770642,1.0,4.0,0.2880658436213992,33.69230769230769,0.0,1.0,1.0,0.962890625,1.0,0,0,0.7307692307692307,1.0,0.9918979044157273,0.0,0.998046875,0.998046875,runs/pretrainchamp_C6/ckpt_030000.pkl
screen,champ,C6,s040000,,strat512,16,256,dec,True,512,0.939453125,13.541136071324672,18.162517874426833,False,1.0,0.9288990825688074,1.0,4.0,0.1496881496881497,32.41935483870968,0.0,1.0,0.998046875,0.951171875,1.0,0,0,0.41935483870967744,0.967741935483871,0.9931394478058382,0.0,0.998046875,1.0,runs/pretrainchamp_C6/ckpt_040000.pkl
screen,champ,C6,vb,,strat512,16,256,dec,True,512,0.955078125,6.461715471715198,26.626231654684158,False,1.0,0.9472477064220184,1.0,5.0,0.34355828220858897,34.26086956521739,0.0,1.0,0.998046875,0.962890625,1.0,0,0,0.5652173913043478,0.9565217391304348,0.9912812331547096,0.0,0.99609375,0.9980430528375733,runs/pretrainchamp_C6/ckpt_028000.pkl
